Title,Price,Date
Lino Perros Women Handbag White,"1,619",2024-09-08 15:01:44
Lino Perros Women Handbag White,"1,619",2024-09-08 15:01:44
Poor Charlie’s Almanack: The Essential Wit and Wisdom of Charles T. Munger,"1,873",2024-09-08 15:01:53
Lino Perros Women Handbag White,"1,619",2024-09-08 15:02:00
Poor Charlie’s Almanack: The Essential Wit and Wisdom of Charles T. Munger,"1,873",2024-09-08 15:02:08
Lino Perros Women Handbag White,"1,619",2024-09-08 15:02:17
Poor Charlie’s Almanack: The Essential Wit and Wisdom of Charles T. Munger,"1,873",2024-09-08 15:02:23
Lino Perros Women Handbag White,"1,619",2024-09-08 15:02:31
Poor Charlie’s Almanack: The Essential Wit and Wisdom of Charles T. Munger,"1,873",2024-09-08 15:02:37
Lino Perros Women Handbag White,"1,619",2024-09-08 15:02:47
Poor Charlie’s Almanack: The Essential Wit and Wisdom of Charles T. Munger,"1,873",2024-09-08 15:02:53
Lino Perros Women Handbag White,"1,619",2024-09-08 15:03:01
Poor Charlie’s Almanack: The Essential Wit and Wisdom of Charles T. Munger,"1,873",2024-09-08 15:03:07
Lino Perros Women Handbag White,"1,619",2024-09-08 15:03:12
Poor Charlie’s Almanack: The Essential Wit and Wisdom of Charles T. Munger,"1,873",2024-09-08 15:03:17
Lino Perros Women Handbag White,"1,619",2024-09-08 15:03:22
Poor Charlie’s Almanack: The Essential Wit and Wisdom of Charles T. Munger,"1,873",2024-09-08 15:03:29
Lino Perros Women Handbag White,"1,619",2024-09-08 15:03:39
Poor Charlie’s Almanack: The Essential Wit and Wisdom of Charles T. Munger,"1,873",2024-09-08 15:03:47
Lino Perros Women Handbag White,"1,619",2024-09-08 15:03:53
Poor Charlie’s Almanack: The Essential Wit and Wisdom of Charles T. Munger,"1,873",2024-09-08 15:04:02
Lino Perros Women Handbag White,"1,619",2024-09-08 15:04:09
Poor Charlie’s Almanack: The Essential Wit and Wisdom of Charles T. Munger,"1,873",2024-09-08 15:04:16
Lino Perros Women Handbag White,"1,619",2024-09-08 15:04:21
Poor Charlie’s Almanack: The Essential Wit and Wisdom of Charles T. Munger,"1,873",2024-09-08 15:04:28
Lino Perros Women Handbag White,"1,619",2024-09-08 15:04:33
Poor Charlie’s Almanack: The Essential Wit and Wisdom of Charles T. Munger,"1,873",2024-09-08 15:04:39
Lino Perros Women Handbag White,"1,619",2024-09-08 15:04:44
Poor Charlie’s Almanack: The Essential Wit and Wisdom of Charles T. Munger,"1,873",2024-09-08 15:04:51
Lino Perros Women Handbag White,"1,619",2024-09-08 15:05:01
Poor Charlie’s Almanack: The Essential Wit and Wisdom of Charles T. Munger,"1,873",2024-09-08 15:05:09
Lino Perros Women Handbag White,"1,619",2024-09-08 15:05:18
Poor Charlie’s Almanack: The Essential Wit and Wisdom of Charles T. Munger,"1,873",2024-09-08 15:05:24
Lino Perros Women Handbag White,"1,619",2024-09-08 15:05:31
Poor Charlie’s Almanack: The Essential Wit and Wisdom of Charles T. Munger,"1,873",2024-09-08 15:05:36
Lino Perros Women Handbag White,"1,619",2024-09-08 15:05:42
Poor Charlie’s Almanack: The Essential Wit and Wisdom of Charles T. Munger,"1,873",2024-09-08 15:05:50
Lino Perros Women Handbag White,"1,619",2024-09-08 15:05:59
Poor Charlie’s Almanack: The Essential Wit and Wisdom of Charles T. Munger,"1,873",2024-09-08 15:06:08
Lino Perros Women Handbag White,"1,619",2024-09-08 15:06:15
Poor Charlie’s Almanack: The Essential Wit and Wisdom of Charles T. Munger,"1,873",2024-09-08 15:06:22
Lino Perros Women Handbag White,"1,619",2024-09-08 15:06:29
Poor Charlie’s Almanack: The Essential Wit and Wisdom of Charles T. Munger,"1,873",2024-09-08 15:06:34
Lino Perros Women Handbag White,"1,619",2024-09-08 15:06:40
Poor Charlie’s Almanack: The Essential Wit and Wisdom of Charles T. Munger,"1,873",2024-09-08 15:06:45
Lino Perros Women Handbag White,"1,619",2024-09-08 15:06:50
Poor Charlie’s Almanack: The Essential Wit and Wisdom of Charles T. Munger,"1,873",2024-09-08 15:06:58
Lino Perros Women Handbag White,"1,619",2024-09-08 15:07:05
Poor Charlie’s Almanack: The Essential Wit and Wisdom of Charles T. Munger,"1,873",2024-09-08 15:07:13
Lino Perros Women Handbag White,"1,619",2024-09-08 15:07:19
Poor Charlie’s Almanack: The Essential Wit and Wisdom of Charles T. Munger,"1,873",2024-09-08 15:07:24
Lino Perros Women Handbag White,"1,619",2024-09-08 15:07:30
Poor Charlie’s Almanack: The Essential Wit and Wisdom of Charles T. Munger,"1,873",2024-09-08 15:07:35
Lino Perros Women Handbag White,"1,619",2024-09-08 15:07:41
Poor Charlie’s Almanack: The Essential Wit and Wisdom of Charles T. Munger,"1,873",2024-09-08 15:07:48
Lino Perros Women Handbag White,"1,619",2024-09-08 15:07:54
Poor Charlie’s Almanack: The Essential Wit and Wisdom of Charles T. Munger,"1,873",2024-09-08 15:07:59
Lino Perros Women Handbag White,"1,619",2024-09-08 15:08:05
Poor Charlie’s Almanack: The Essential Wit and Wisdom of Charles T. Munger,"1,873",2024-09-08 15:08:09
Lino Perros Women Handbag White,"1,619",2024-09-08 15:08:14
Poor Charlie’s Almanack: The Essential Wit and Wisdom of Charles T. Munger,"1,873",2024-09-08 15:08:21
Lino Perros Women Handbag White,"1,619",2024-09-08 15:08:28
Poor Charlie’s Almanack: The Essential Wit and Wisdom of Charles T. Munger,"1,873",2024-09-08 15:08:35
Lino Perros Women Handbag White,"1,619",2024-09-08 15:08:41
Poor Charlie’s Almanack: The Essential Wit and Wisdom of Charles T. Munger,"1,873",2024-09-08 15:08:46
Lino Perros Women Handbag White,"1,619",2024-09-08 15:08:52
Poor Charlie’s Almanack: The Essential Wit and Wisdom of Charles T. Munger,"1,873",2024-09-08 15:08:58
Lino Perros Women Handbag White,"1,619",2024-09-08 15:09:06
Poor Charlie’s Almanack: The Essential Wit and Wisdom of Charles T. Munger,"1,873",2024-09-08 15:09:13
Lino Perros Women Handbag White,"1,619",2024-09-08 15:09:20
Poor Charlie’s Almanack: The Essential Wit and Wisdom of Charles T. Munger,"1,873",2024-09-08 15:09:25
Lino Perros Women Handbag White,"1,619",2024-09-08 15:09:30
Poor Charlie’s Almanack: The Essential Wit and Wisdom of Charles T. Munger,"1,873",2024-09-08 15:09:34
Lino Perros Women Handbag White,"1,619",2024-09-08 15:09:40
Poor Charlie’s Almanack: The Essential Wit and Wisdom of Charles T. Munger,"1,873",2024-09-08 15:09:44
Lino Perros Women Handbag White,"1,619",2024-09-08 15:09:49
Poor Charlie’s Almanack: The Essential Wit and Wisdom of Charles T. Munger,"1,873",2024-09-08 15:09:54
Lino Perros Women Handbag White,"1,619",2024-09-08 15:10:00
Poor Charlie’s Almanack: The Essential Wit and Wisdom of Charles T. Munger,"1,873",2024-09-08 15:10:06
Lino Perros Women Handbag White,"1,619",2024-09-08 15:10:16
Poor Charlie’s Almanack: The Essential Wit and Wisdom of Charles T. Munger,"1,873",2024-09-08 15:10:23
Lino Perros Women Handbag White,"1,619",2024-09-08 15:10:30
Poor Charlie’s Almanack: The Essential Wit and Wisdom of Charles T. Munger,"1,873",2024-09-08 15:10:36
Lino Perros Women Handbag White,"1,619",2024-09-08 15:10:41
Poor Charlie’s Almanack: The Essential Wit and Wisdom of Charles T. Munger,"1,873",2024-09-08 15:10:46
Lino Perros Women Handbag White,"1,619",2024-09-08 15:10:52
Poor Charlie’s Almanack: The Essential Wit and Wisdom of Charles T. Munger,"1,873",2024-09-08 15:10:57
Lino Perros Women Handbag White,"1,619",2024-09-08 15:11:02
Poor Charlie’s Almanack: The Essential Wit and Wisdom of Charles T. Munger,"1,873",2024-09-08 15:11:06
Lino Perros Women Handbag White,"1,619",2024-09-08 15:11:11
Poor Charlie’s Almanack: The Essential Wit and Wisdom of Charles T. Munger,"1,873",2024-09-08 15:11:16
Lino Perros Women Handbag White,"1,619",2024-09-08 15:11:21
Poor Charlie’s Almanack: The Essential Wit and Wisdom of Charles T. Munger,"1,873",2024-09-08 15:11:24
Lino Perros Women Handbag White,"1,619",2024-09-08 15:11:29
Poor Charlie’s Almanack: The Essential Wit and Wisdom of Charles T. Munger,"1,873",2024-09-08 15:11:33
Lino Perros Women Handbag White,"1,619",2024-09-08 15:11:38
Poor Charlie’s Almanack: The Essential Wit and Wisdom of Charles T. Munger,"1,873",2024-09-08 15:11:42
Lino Perros Women Handbag White,"1,619",2024-09-08 15:11:50
Poor Charlie’s Almanack: The Essential Wit and Wisdom of Charles T. Munger,"1,873",2024-09-08 15:11:58
Lino Perros Women Handbag White,"1,619",2024-09-08 15:12:07
Poor Charlie’s Almanack: The Essential Wit and Wisdom of Charles T. Munger,"1,873",2024-09-08 15:12:12
